file,species
0021e90e4.png,Small-flowered Cranesbill
003d61042.png,Fat Hen
007b3da8b.png,Small-flowered Cranesbill
0086a6340.png,Fat Hen
00c47e980.png,Loose Silky-bent
00d090cde.png,Maize
00ef713a8.png,Loose Silky-bent
01291174f.png,Small-flowered Cranesbill
026716f9b.png,Small-flowered Cranesbill
02cfeb38d.png,Cleavers
03566743d.png,Black-grass
03a2ee656.png,Small-flowered Cranesbill
03e322a29.png,Fat Hen
03ef36742.png,Scentless Mayweed
043449b0b.png,Common Chickweed
0437393b1.png,Maize
04814f36d.png,Common wheat
05341a8a6.png,Maize
060450d79.png,Maize
060f1dc84.png,Maize
0625f063b.png,Loose Silky-bent
063363305.png,Loose Silky-bent
06d12f6fa.png,Common wheat
071cb3ece.png,Small-flowered Cranesbill
0751c0bbc.png,Fat Hen
07e62f903.png,Fat Hen
085974290.png,Common Chickweed
0885e7690.png,Fat Hen
089ad62a7.png,Small-flowered Cranesbill
08d591441.png,Common wheat
0911d3dee.png,Common Chickweed
099b961ec.png,Common Chickweed
0a64e3e6c.png,Sugar beet
0ad9e7dfb.png,Small-flowered Cranesbill
0ae6668fa.png,Loose Silky-bent
0bf7bfb05.png,Sugar beet
0c27cf05f.png,Black-grass
0c4199daa.png,Fat Hen
0c45ace27.png,Cleavers
0c51bf229.png,Cleavers
0c5f6c493.png,Loose Silky-bent
0caeda5df.png,Cleavers
0d117d910.png,Loose Silky-bent
0d31e6602.png,Loose Silky-bent
0dba99002.png,Common Chickweed
0e8492cb1.png,Loose Silky-bent
0ebf8f2f4.png,Small-flowered Cranesbill
0ee4ad224.png,Charlock
0f6cbe5e8.png,Black-grass
0fb233ad6.png,Fat Hen
115f93ecc.png,Black-grass
116b136de.png,Maize
1191ba346.png,Black-grass
11d3f68ff.png,Small-flowered Cranesbill
122913909.png,Maize
12625488b.png,Maize
126a71ce0.png,Maize
1312065a5.png,Small-flowered Cranesbill
1364b297a.png,Fat Hen
1376f3b63.png,Shepherds Purse
13b9fa92d.png,Loose Silky-bent
1459e96a0.png,Charlock
148bbda66.png,Sugar beet
14bb43eee.png,Fat Hen
1541bdb2e.png,Black-grass
1623fb9e1.png,Fat Hen
16357b436.png,Common Chickweed
16467a950.png,Loose Silky-bent
165681fd9.png,Sugar beet
1694a70e4.png,Common Chickweed
16fd2e01a.png,Cleavers
172f9b10b.png,Maize
17529c555.png,Small-flowered Cranesbill
1758a1baf.png,Cleavers
177d7e2a4.png,Common Chickweed
17a78fb44.png,Shepherds Purse
17d5e5ac4.png,Loose Silky-bent
1821eb11a.png,Common Chickweed
187668bde.png,Loose Silky-bent
1926e82fd.png,Scentless Mayweed
19618ad6a.png,Common Chickweed
19b51843a.png,Sugar beet
19e58cc5e.png,Loose Silky-bent
19fdf19fb.png,Loose Silky-bent
1b490196c.png,Loose Silky-bent
1b6a6494d.png,Loose Silky-bent
1be0713da.png,Loose Silky-bent
1bf9b94a6.png,Sugar beet
1c52ea820.png,Small-flowered Cranesbill
1c680883c.png,Shepherds Purse
1cfd91582.png,Sugar beet
1d0cbd819.png,Cleavers
1d321253f.png,Fat Hen
1d48b7564.png,Maize
1d56351b2.png,Fat Hen
1dc7c45df.png,Cleavers
1e095a7e1.png,Shepherds Purse
1f290e016.png,Cleavers
1f3f44563.png,Scentless Mayweed
1f5e5554e.png,Common Chickweed
1fefb54b7.png,Black-grass
205df1df3.png,Maize
20817c846.png,Fat Hen
20e562fd5.png,Scentless Mayweed
20ea96bcc.png,Sugar beet
20f983a71.png,Cleavers
2126dc71b.png,Common Chickweed
219fd68d5.png,Common Chickweed
223e4af09.png,Small-flowered Cranesbill
22e79540f.png,Common Chickweed
22fbf13d6.png,Common Chickweed
239bdf640.png,Cleavers
23bc8ec4f.png,Common Chickweed
23e480e64.png,Cleavers
2406d6c99.png,Sugar beet
241e6935a.png,Fat Hen
248436078.png,Maize
24a058589.png,Black-grass
24c94a6ca.png,Small-flowered Cranesbill
24d36c52c.png,Sugar beet
24d78df74.png,Common wheat
24dbc3b21.png,Loose Silky-bent
258b1183c.png,Scentless Mayweed
25a4c427e.png,Common Chickweed
25cf6eb73.png,Small-flowered Cranesbill
25fa8d109.png,Common Chickweed
26852751a.png,Cleavers
2693e5c65.png,Common wheat
26e7ae885.png,Cleavers
270b939cf.png,Loose Silky-bent
279df95f2.png,Common Chickweed
288564c76.png,Sugar beet
29bab7cad.png,Maize
29ce426a1.png,Common Chickweed
29f49cd0b.png,Charlock
2a5064f19.png,Common wheat
2a667e099.png,Cleavers
2b55a2da2.png,Loose Silky-bent
2bd74d2da.png,Shepherds Purse
2d5058a59.png,Sugar beet
2d992d1fb.png,Black-grass
2d9c798f9.png,Loose Silky-bent
2dd5cfba9.png,Common Chickweed
2df78338c.png,Small-flowered Cranesbill
2e86f1085.png,Loose Silky-bent
2ea664465.png,Common Chickweed
2f0004a7f.png,Loose Silky-bent
2f246d688.png,Loose Silky-bent
2ff5cb348.png,Loose Silky-bent
30ad31220.png,Cleavers
3185294c8.png,Loose Silky-bent
31f3dd81f.png,Common Chickweed
31fcdc161.png,Common Chickweed
3281183f9.png,Fat Hen
32a8c8a1d.png,Scentless Mayweed
32b42c120.png,Small-flowered Cranesbill
32c86784b.png,Loose Silky-bent
33317fc2a.png,Common Chickweed
33448fe39.png,Fat Hen
33748968f.png,Fat Hen
338c7e907.png,Sugar beet
34dd57ca9.png,Charlock
3526b05cc.png,Sugar beet
35a90f8d0.png,Cleavers
35cf9fa01.png,Loose Silky-bent
35ebe165c.png,Fat Hen
36839d5e9.png,Common Chickweed
36d62bf36.png,Cleavers
36ed4f215.png,Loose Silky-bent
37297a64c.png,Scentless Mayweed
37714071b.png,Cleavers
377283a21.png,Maize
37c3108d6.png,Loose Silky-bent
37e545a60.png,Sugar beet
3827436f3.png,Common Chickweed
38c054379.png,Small-flowered Cranesbill
391dcd7fd.png,Small-flowered Cranesbill
39858776a.png,Sugar beet
39b740f7e.png,Maize
39c8fde99.png,Fat Hen
39d569be4.png,Charlock
3a909ead8.png,Cleavers
3abb502fb.png,Common wheat
3b73c3b61.png,Scentless Mayweed
3bbef3ecb.png,Charlock
3d38a87bc.png,Common wheat
3d65168c2.png,Scentless Mayweed
3d67c434b.png,Common Chickweed
3da774107.png,Fat Hen
3dd52bd2a.png,Small-flowered Cranesbill
3e9f41817.png,Shepherds Purse
3ebbe9ca4.png,Sugar beet
3eda9cbb6.png,Common wheat
3edf5e9ef.png,Cleavers
3eebd36c6.png,Sugar beet
3efa1f66c.png,Common Chickweed
3f64c2c1b.png,Small-flowered Cranesbill
3f826b318.png,Cleavers
3f92d8039.png,Loose Silky-bent
3fbd0fc6a.png,Common Chickweed
3fbf1a417.png,Common Chickweed
4049a6ea6.png,Common Chickweed
406162ef9.png,Loose Silky-bent
406ecb5c5.png,Loose Silky-bent
410e6f702.png,Sugar beet
41e07778c.png,Charlock
41f1c3cdb.png,Maize
4287d810c.png,Loose Silky-bent
429211ee6.png,Charlock
42e7ed442.png,Sugar beet
4392d93cf.png,Loose Silky-bent
43ede9de9.png,Loose Silky-bent
444473900.png,Sugar beet
446f7da01.png,Common wheat
44e8b8833.png,Charlock
456d507c0.png,Shepherds Purse
466bb6d3b.png,Common Chickweed
46c14fde2.png,Loose Silky-bent
47b7d8e17.png,Common Chickweed
47f9e5d91.png,Charlock
48231e475.png,Loose Silky-bent
4823c3ffa.png,Sugar beet
486e59179.png,Scentless Mayweed
48d97c645.png,Common Chickweed
48ef6a2ff.png,Common Chickweed
490c4f9c8.png,Sugar beet
4a337a4a9.png,Small-flowered Cranesbill
4ac29bbf0.png,Common Chickweed
4b032563b.png,Scentless Mayweed
4b155fb07.png,Small-flowered Cranesbill
4bbf1f6ea.png,Loose Silky-bent
4bbfd1e05.png,Common Chickweed
4bcdaa5e2.png,Common wheat
4c5ab9b68.png,Loose Silky-bent
4c7838de4.png,Sugar beet
4c8005bbc.png,Charlock
4e1190d78.png,Scentless Mayweed
4e18ab737.png,Loose Silky-bent
4e69d100a.png,Fat Hen
4e9d3765f.png,Scentless Mayweed
4ea7493d5.png,Small-flowered Cranesbill
4f44ca525.png,Sugar beet
4f83143e1.png,Charlock
502dff972.png,Black-grass
506347cfe.png,Maize
50de8a115.png,Scentless Mayweed
521b27a17.png,Shepherds Purse
523e5505c.png,Sugar beet
5296835a0.png,Shepherds Purse
52a87abe5.png,Common wheat
52dc7a4d6.png,Black-grass
5315c2dca.png,Scentless Mayweed
534e74d83.png,Black-grass
539961189.png,Charlock
53ceb4657.png,Fat Hen
53e6e9000.png,Small-flowered Cranesbill
54b3afd58.png,Loose Silky-bent
54c8bb900.png,Fat Hen
550a8b7e6.png,Common Chickweed
55251925f.png,Fat Hen
558aa7deb.png,Maize
55920f07f.png,Common Chickweed
55a852f40.png,Common wheat
55fed435f.png,Small-flowered Cranesbill
56112b92c.png,Loose Silky-bent
56a01b835.png,Scentless Mayweed
5779fe8b4.png,Small-flowered Cranesbill
5817b766d.png,Loose Silky-bent
5883b423d.png,Loose Silky-bent
589e643b8.png,Scentless Mayweed
590f5aea6.png,Sugar beet
592473c83.png,Common Chickweed
592cc5b89.png,Small-flowered Cranesbill
59358cd44.png,Common wheat
593896f83.png,Small-flowered Cranesbill
599691cd9.png,Loose Silky-bent
599c82eea.png,Loose Silky-bent
59b2c6f2b.png,Charlock
59c6a9f95.png,Common Chickweed
59e1cea8d.png,Small-flowered Cranesbill
59f62ad1d.png,Scentless Mayweed
5a38ac566.png,Common Chickweed
5a6bf96f6.png,Common Chickweed
5af1d74ee.png,Common wheat
5b3000b9a.png,Maize
5b3beec58.png,Common Chickweed
5b63dcc21.png,Common Chickweed
5bbc0a255.png,Scentless Mayweed
5bc6595f6.png,Black-grass
5bd71f445.png,Small-flowered Cranesbill
5bdcfa329.png,Common Chickweed
5c3cd7ea2.png,Small-flowered Cranesbill
5ca0205f9.png,Loose Silky-bent
5ca2687a4.png,Sugar beet
5dcad9a53.png,Black-grass
5e6a237f2.png,Common Chickweed
5eb9c26a6.png,Cleavers
5ee9d0a5b.png,Charlock
5f04aed97.png,Charlock
6049234e6.png,Maize
604dd663f.png,Loose Silky-bent
606647f64.png,Loose Silky-bent
60ee66ddd.png,Common wheat
60f0bc617.png,Scentless Mayweed
60fea2ef6.png,Cleavers
615d2b0a9.png,Sugar beet
618de3d7a.png,Black-grass
61b044411.png,Loose Silky-bent
61dd2cdc5.png,Fat Hen
632156793.png,Black-grass
63c07d340.png,Sugar beet
647689543.png,Sugar beet
64fe8beb9.png,Common Chickweed
653193c1a.png,Maize
65489944f.png,Loose Silky-bent
659412b1a.png,Scentless Mayweed
65d08b894.png,Common Chickweed
65e262a6d.png,Common Chickweed
65e97117e.png,Small-flowered Cranesbill
664194d19.png,Common Chickweed
6680836dd.png,Loose Silky-bent
668c1007c.png,Charlock
66ab0e8d0.png,Charlock
675ec1b0b.png,Common Chickweed
67ce3eaa6.png,Common Chickweed
67e185673.png,Cleavers
686dc7ec8.png,Black-grass
6908fb540.png,Charlock
6982a9d30.png,Common wheat
699d3c707.png,Loose Silky-bent
69d1669f8.png,Common wheat
6a41bf95b.png,Common wheat
6a47821f9.png,Black-grass
6b721f68e.png,Scentless Mayweed
6b9d6f8c9.png,Common wheat
6ba4ef411.png,Cleavers
6bce55e05.png,Loose Silky-bent
6be169e41.png,Cleavers
6c874918c.png,Maize
6d6eb3830.png,Common Chickweed
6da892be6.png,Sugar beet
6db684fff.png,Charlock
6dd095129.png,Charlock
6df8e31ea.png,Small-flowered Cranesbill
6edb96d45.png,Scentless Mayweed
6edc76e7c.png,Loose Silky-bent
711b46fba.png,Sugar beet
71334c634.png,Fat Hen
71b232519.png,Common Chickweed
71e73a8a0.png,Fat Hen
71f5323c5.png,Charlock
721b2c47a.png,Fat Hen
721be0a4a.png,Loose Silky-bent
728eabae1.png,Small-flowered Cranesbill
73260a4ee.png,Scentless Mayweed
74068643d.png,Scentless Mayweed
74d810f87.png,Fat Hen
74fd477eb.png,Loose Silky-bent
7506c0c02.png,Cleavers
752101fdf.png,Sugar beet
754b1adf8.png,Cleavers
756dd5070.png,Sugar beet
75cb95e91.png,Cleavers
7615e52d3.png,Common Chickweed
76555b064.png,Small-flowered Cranesbill
7691014a1.png,Charlock
7696badea.png,Fat Hen
76dbd1054.png,Common Chickweed
770a265f5.png,Loose Silky-bent
77ccb8b2a.png,Charlock
780bd2a2c.png,Charlock
780defa2e.png,Sugar beet
785a73ab8.png,Common Chickweed
78750e0ff.png,Small-flowered Cranesbill
78b1bf91a.png,Shepherds Purse
78c5fba1d.png,Common Chickweed
79d93bc96.png,Common Chickweed
79dafec17.png,Small-flowered Cranesbill
79e5ea8fa.png,Loose Silky-bent
79fba50db.png,Loose Silky-bent
7a38416be.png,Loose Silky-bent
7b21ba6ba.png,Maize
7b52585da.png,Small-flowered Cranesbill
7beb2766f.png,Loose Silky-bent
7c85b0265.png,Scentless Mayweed
7cabd68cc.png,Loose Silky-bent
7d22abf91.png,Cleavers
7d3045fc3.png,Fat Hen
7d4cd07ad.png,Cleavers
7e9cf1c46.png,Sugar beet
7f31c7f42.png,Loose Silky-bent
7f46a71db.png,Sugar beet
7f9e9565d.png,Common Chickweed
7fdb7202d.png,Charlock
800a8c17e.png,Scentless Mayweed
808578ed5.png,Maize
808cf55c6.png,Small-flowered Cranesbill
809eb0b82.png,Cleavers
80e299ae9.png,Maize
8104422bb.png,Common Chickweed
8170d33c1.png,Loose Silky-bent
824f5d4e5.png,Black-grass
827279bad.png,Common wheat
82b5f4d33.png,Fat Hen
8301b0547.png,Common Chickweed
8303b27ed.png,Cleavers
8311740de.png,Shepherds Purse
835dc5447.png,Scentless Mayweed
837ac0270.png,Charlock
8455169fe.png,Loose Silky-bent
851c90831.png,Loose Silky-bent
85431c075.png,Loose Silky-bent
855955aaf.png,Loose Silky-bent
856f2910a.png,Fat Hen
8585f9718.png,Common wheat
862b8e7a0.png,Sugar beet
86676d627.png,Cleavers
866be78b0.png,Common Chickweed
86c309150.png,Common Chickweed
86f08e6d1.png,Common wheat
87608f7aa.png,Common Chickweed
87f627bf9.png,Fat Hen
8874bba69.png,Small-flowered Cranesbill
88ac6df54.png,Common wheat
88d8a4508.png,Small-flowered Cranesbill
8916793ce.png,Common Chickweed
892e9d6c6.png,Common Chickweed
897e5a8de.png,Loose Silky-bent
8a30b2de3.png,Black-grass
8a32d0bfa.png,Common Chickweed
8a4d3a1b1.png,Sugar beet
8a8d6c712.png,Fat Hen
8ab8a958b.png,Cleavers
8b043093d.png,Common wheat
8b27bfd2b.png,Cleavers
8b9144917.png,Common Chickweed
8bc0261c9.png,Shepherds Purse
8c98a6e9b.png,Loose Silky-bent
8c9953903.png,Scentless Mayweed
8ca6140ca.png,Loose Silky-bent
8cf2e3e6c.png,Black-grass
8cf909eb3.png,Common Chickweed
8cfd98117.png,Loose Silky-bent
8d6991365.png,Loose Silky-bent
8d6acbe9b.png,Loose Silky-bent
8db450ce3.png,Common Chickweed
8dbb8e1b9.png,Maize
8e29abce1.png,Common Chickweed
8e2e5604e.png,Small-flowered Cranesbill
8e3ed0a25.png,Maize
8e4eaeec0.png,Common Chickweed
8e6ec1ca6.png,Common Chickweed
8ece6efec.png,Common wheat
8f523520c.png,Common Chickweed
8faadb6a8.png,Small-flowered Cranesbill
90b595f12.png,Scentless Mayweed
90d119d25.png,Sugar beet
91e469b4a.png,Common wheat
92292055d.png,Scentless Mayweed
93079d970.png,Loose Silky-bent
9326bda1b.png,Sugar beet
93d76fd5d.png,Loose Silky-bent
948cdb277.png,Common Chickweed
9516e56c4.png,Sugar beet
953496deb.png,Loose Silky-bent
958bb9e96.png,Black-grass
963544aa0.png,Fat Hen
9643fc5f4.png,Small-flowered Cranesbill
966ae5ad9.png,Sugar beet
969a851be.png,Scentless Mayweed
96ecad7a1.png,Fat Hen
96f14d90c.png,Fat Hen
974959ec1.png,Small-flowered Cranesbill
976e4e079.png,Small-flowered Cranesbill
97844bfd5.png,Loose Silky-bent
97b2f0a10.png,Fat Hen
98062cd87.png,Small-flowered Cranesbill
98d819587.png,Maize
98da6ef4e.png,Scentless Mayweed
99036c51d.png,Scentless Mayweed
99569b224.png,Small-flowered Cranesbill
995c7ab1e.png,Cleavers
9a3f20121.png,Fat Hen
9aa5587fe.png,Black-grass
9b4800b42.png,Sugar beet
9b9911f20.png,Charlock
9baf94467.png,Loose Silky-bent
9c0c5b731.png,Common wheat
9c32a797e.png,Loose Silky-bent
9c777333d.png,Common Chickweed
9c8b08a24.png,Common Chickweed
9cce7328c.png,Common Chickweed
9d3cb4745.png,Common Chickweed
9d79a1f0c.png,Common Chickweed
9df3275da.png,Loose Silky-bent
9fab816f2.png,Charlock
a006a475c.png,Fat Hen
a060c1cf8.png,Loose Silky-bent
a0b393945.png,Loose Silky-bent
a0f37c726.png,Black-grass
a169b71e7.png,Fat Hen
a19c3faca.png,Shepherds Purse
a1da8be3c.png,Fat Hen
a1e0a6c02.png,Cleavers
a254d71f6.png,Common Chickweed
a276c65f7.png,Fat Hen
a2b703e21.png,Charlock
a2c89c367.png,Loose Silky-bent
a2d25b4f3.png,Fat Hen
a35fd6fbb.png,Loose Silky-bent
a38b8a581.png,Common Chickweed
a3b375b34.png,Loose Silky-bent
a3d0031fd.png,Common wheat
a4b61a4ea.png,Fat Hen
a544fc46d.png,Sugar beet
a55d26a4c.png,Loose Silky-bent
a5db42f7d.png,Fat Hen
a74bf916d.png,Loose Silky-bent
a74d475c2.png,Cleavers
a7bd7cadb.png,Cleavers
a800caead.png,Scentless Mayweed
a83820a2c.png,Loose Silky-bent
a8388a37f.png,Loose Silky-bent
a85b48a95.png,Common wheat
a85fc8c9a.png,Loose Silky-bent
a890ac088.png,Sugar beet
a8b431a3e.png,Scentless Mayweed
a8c8a1db0.png,Fat Hen
a8da9c08d.png,Small-flowered Cranesbill
a8de7c1b7.png,Small-flowered Cranesbill
a935ca110.png,Loose Silky-bent
a93f940d6.png,Fat Hen
a9d2eab61.png,Loose Silky-bent
aa7d098d1.png,Common Chickweed
aad8375e0.png,Charlock
aaf4da98f.png,Common wheat
ab0f67743.png,Small-flowered Cranesbill
ab35453cb.png,Loose Silky-bent
abc331628.png,Common Chickweed
abf8b0772.png,Sugar beet
ac3193f78.png,Common wheat
ac75d3326.png,Maize
acdb75e00.png,Common Chickweed
ace8761dd.png,Maize
ad12382d4.png,Loose Silky-bent
adb7a032c.png,Loose Silky-bent
ae90f2827.png,Scentless Mayweed
aecfaed64.png,Sugar beet
aee6fa3df.png,Charlock
af45e222a.png,Loose Silky-bent
afa446484.png,Common Chickweed
afcf6abd5.png,Common Chickweed
b026bf8ca.png,Loose Silky-bent
b03397525.png,Small-flowered Cranesbill
b0acaff4a.png,Maize
b130a0632.png,Black-grass
b145ba9d4.png,Fat Hen
b1cd2a91e.png,Fat Hen
b215531dd.png,Black-grass
b2706e2b3.png,Loose Silky-bent
b29339405.png,Fat Hen
b30ab4659.png,Black-grass
b31292706.png,Cleavers
b341d0aab.png,Common Chickweed
b39c71707.png,Shepherds Purse
b3d6fdb80.png,Black-grass
b3e08b037.png,Charlock
b47691c08.png,Fat Hen
b4c3df835.png,Small-flowered Cranesbill
b4f7c9214.png,Charlock
b573b7a56.png,Charlock
b5c7fd009.png,Small-flowered Cranesbill
b62dca166.png,Loose Silky-bent
b687160f5.png,Common Chickweed
b6a3f7876.png,Scentless Mayweed
b6f3d8b5d.png,Common Chickweed
b7192c70f.png,Common Chickweed
b7a7f6390.png,Maize
b7ad92859.png,Shepherds Purse
b828443ff.png,Fat Hen
b9062c1c8.png,Loose Silky-bent
b944a49ca.png,Loose Silky-bent
b98327bf4.png,Charlock
ba3ce6b3e.png,Common Chickweed
bb1c84bbc.png,Charlock
bb1d1bfd3.png,Fat Hen
bb20fce02.png,Scentless Mayweed
bb64660b7.png,Loose Silky-bent
bb7621cb3.png,Scentless Mayweed
bd72d4d8a.png,Scentless Mayweed
bd789d151.png,Charlock
bdde957ec.png,Common Chickweed
be2499cf4.png,Loose Silky-bent
be341dbdc.png,Shepherds Purse
bea23d9f8.png,Scentless Mayweed
bebcaab66.png,Common Chickweed
beebe5f4e.png,Fat Hen
bf3924a57.png,Loose Silky-bent
bf66b9cd2.png,Small-flowered Cranesbill
bfab3e3d0.png,Loose Silky-bent
bffc08672.png,Small-flowered Cranesbill
c0461776c.png,Black-grass
c069fc3fa.png,Loose Silky-bent
c06e7c748.png,Sugar beet
c0bc3997b.png,Loose Silky-bent
c0d9e170b.png,Loose Silky-bent
c0f5d9ac8.png,Common wheat
c10ccbd82.png,Scentless Mayweed
c10db7ae2.png,Small-flowered Cranesbill
c1ecff98b.png,Common Chickweed
c26ccf73c.png,Common Chickweed
c2de6020a.png,Cleavers
c35efa095.png,Scentless Mayweed
c4ed8ed38.png,Common Chickweed
c50335991.png,Sugar beet
c5078bac5.png,Scentless Mayweed
c5e419015.png,Charlock
c5e88cd42.png,Cleavers
c60e91e07.png,Scentless Mayweed
c63da993b.png,Small-flowered Cranesbill
c64370a72.png,Small-flowered Cranesbill
c6b76307d.png,Cleavers
c6c8d4ba0.png,Fat Hen
c7051c902.png,Fat Hen
c74c5b7fc.png,Scentless Mayweed
c75a82234.png,Shepherds Purse
c7ae30f3a.png,Small-flowered Cranesbill
c7b07431e.png,Cleavers
c7eb96871.png,Common Chickweed
c832e4302.png,Small-flowered Cranesbill
c85ef220d.png,Shepherds Purse
c88ebfb47.png,Small-flowered Cranesbill
c8f50f0c3.png,Fat Hen
caa2fbd79.png,Loose Silky-bent
cadab6616.png,Common Chickweed
cae684f8f.png,Fat Hen
cb496f36e.png,Scentless Mayweed
cb76a7766.png,Charlock
cbba27d89.png,Common wheat
cbe761896.png,Sugar beet
cc3d2a59a.png,Charlock
cc74feadc.png,Small-flowered Cranesbill
cd5f0db1c.png,Common wheat
cd6adba97.png,Black-grass
ce15eee52.png,Charlock
ce3d280eb.png,Sugar beet
ce42adffb.png,Small-flowered Cranesbill
cec5bf198.png,Common Chickweed
cf3a8b2fd.png,Small-flowered Cranesbill
cf46d09c5.png,Scentless Mayweed
cf90fc52d.png,Black-grass
cfb18d262.png,Small-flowered Cranesbill
cfd8165e9.png,Scentless Mayweed
d0152bd7c.png,Loose Silky-bent
d01873fdd.png,Charlock
d09275360.png,Shepherds Purse
d09d24c58.png,Fat Hen
d0cdc768f.png,Fat Hen
d102e1a15.png,Scentless Mayweed
d14aa43f3.png,Small-flowered Cranesbill
d17f48d3b.png,Small-flowered Cranesbill
d2f0f326e.png,Small-flowered Cranesbill
d2f422ccb.png,Loose Silky-bent
d2fd9df40.png,Scentless Mayweed
d3331e071.png,Small-flowered Cranesbill
d350a25fa.png,Cleavers
d41d87796.png,Cleavers
d488a4fe1.png,Fat Hen
d515398fd.png,Loose Silky-bent
d563be369.png,Fat Hen
d5f7dd60a.png,Loose Silky-bent
d668409ff.png,Common wheat
d689256be.png,Scentless Mayweed
d6c8c3c48.png,Common Chickweed
d6d31dcbe.png,Shepherds Purse
d6d80a321.png,Common wheat
d7017f701.png,Loose Silky-bent
d84d37a61.png,Common wheat
d89db156f.png,Scentless Mayweed
d8f4923f8.png,Black-grass
d93c7ab6d.png,Sugar beet
d9c50616e.png,Fat Hen
da231c97f.png,Common Chickweed
da4ed3a28.png,Common Chickweed
da5255450.png,Loose Silky-bent
da713c465.png,Sugar beet
da9ef7858.png,Scentless Mayweed
dabe3e5be.png,Cleavers
dabea05f4.png,Shepherds Purse
dc4cd56a3.png,Shepherds Purse
dc55449b2.png,Common wheat
dcd7ff249.png,Scentless Mayweed
dce2f6612.png,Sugar beet
dd5ec63d9.png,Loose Silky-bent
dd9f36df7.png,Black-grass
de0b79659.png,Loose Silky-bent
df11d56a7.png,Common Chickweed
df521c0c0.png,Common Chickweed
df7cb5f87.png,Common Chickweed
dfb1d9012.png,Cleavers
e0ec5b6a1.png,Common wheat
e14afa235.png,Common Chickweed
e15472085.png,Black-grass
e15fce4f2.png,Common Chickweed
e1809cef2.png,Shepherds Purse
e19673dc9.png,Common Chickweed
e19ad6ac9.png,Maize
e1a0e3202.png,Cleavers
e1abb4ff9.png,Loose Silky-bent
e3f50adfc.png,Small-flowered Cranesbill
e471f1d3a.png,Common Chickweed
e478c452c.png,Shepherds Purse
e4a76885b.png,Scentless Mayweed
e4d5ec761.png,Cleavers
e5064f6be.png,Common wheat
e52493d0b.png,Common Chickweed
e5297b675.png,Shepherds Purse
e5368474f.png,Loose Silky-bent
e5881dd33.png,Charlock
e5e3dccff.png,Small-flowered Cranesbill
e6f1211a2.png,Fat Hen
e7077322d.png,Charlock
e721c6ac8.png,Black-grass
e73e308be.png,Common wheat
e783f5a4f.png,Scentless Mayweed
e80a259c5.png,Charlock
e82017baa.png,Loose Silky-bent
e84464f5a.png,Charlock
e88bf0db9.png,Loose Silky-bent
e901b0f28.png,Loose Silky-bent
e921021a8.png,Small-flowered Cranesbill
e96e57a90.png,Small-flowered Cranesbill
e98e5d1d5.png,Cleavers
e9cd91682.png,Small-flowered Cranesbill
e9d48d664.png,Common wheat
eaf0815e2.png,Small-flowered Cranesbill
ec08a5d56.png,Fat Hen
ede6b84b4.png,Small-flowered Cranesbill
edfdb4aeb.png,Scentless Mayweed
eec1079a1.png,Cleavers
eef131644.png,Cleavers
ef02b4ee7.png,Charlock
ef3e232ad.png,Small-flowered Cranesbill
ef65533d5.png,Cleavers
ef74dbcad.png,Loose Silky-bent
ef7a5651d.png,Small-flowered Cranesbill
ef9676433.png,Cleavers
efe19dc32.png,Loose Silky-bent
f0ffa00bd.png,Charlock
f1e87cba7.png,Scentless Mayweed
f1f7c833f.png,Small-flowered Cranesbill
f23faf9c1.png,Loose Silky-bent
f25996db8.png,Loose Silky-bent
f2dc546ca.png,Loose Silky-bent
f33e9d918.png,Small-flowered Cranesbill
f351ce097.png,Cleavers
f3fcfff1b.png,Common Chickweed
f4021df6c.png,Sugar beet
f4234cf4f.png,Fat Hen
f445fe6fb.png,Fat Hen
f48916a8c.png,Cleavers
f4ad9d950.png,Sugar beet
f4caf74f9.png,Black-grass
f4e7733d4.png,Charlock
f593c9cf0.png,Common Chickweed
f66ae4070.png,Fat Hen
f6d250856.png,Loose Silky-bent
f8318faf1.png,Fat Hen
f85ed9b6d.png,Common Chickweed
f9b6bfb00.png,Common Chickweed
f9ea23fb5.png,Loose Silky-bent
f9f35cbd4.png,Charlock
fa5fd1384.png,Loose Silky-bent
fa9f3a8f9.png,Common Chickweed
fadc6adbc.png,Charlock
fb022edf9.png,Loose Silky-bent
fba8fc78a.png,Small-flowered Cranesbill
fbf88b6be.png,Black-grass
fc3e58836.png,Common Chickweed
fc6f686fb.png,Loose Silky-bent
fd253a74e.png,Charlock
fd87b36ae.png,Charlock
fd925f542.png,Black-grass
fda0b5c38.png,Shepherds Purse
fda39e16f.png,Small-flowered Cranesbill
fdea6b119.png,Charlock
fe29629fb.png,Scentless Mayweed
fe9e87b78.png,Scentless Mayweed
fea1d13d6.png,Common Chickweed
fea355851.png,Common Chickweed
fea3da57c.png,Small-flowered Cranesbill
fef2ade8c.png,Common Chickweed
ff65bc002.png,Sugar beet
ffc6f8527.png,Black-grass
